0,0,0,0,3000,0,0,10,20,30,0,40,0
4.8,56.6426,96.0936,143.86,2991.36,191.906,0.140441,13.6245,20.0591,29.9113,-3.62451,39.9409,0.0886734
9.5141,129.574,191.036,284.292,2965.57,379.81,1.13109,17.3498,20.2437,29.6344,-7.3498,39.7563,0.36561
13.766,210.826,277.69,409.426,2926.83,548.271,3.55491,20.9047,20.5389,29.1917,-10.9047,39.4611,0.808317
17.6465,298.58,358.124,521.602,2877.88,700.664,7.79149,24.3631,20.9404,28.5893,-14.3631,39.0596,1.41067
21.203,391.202,433.458,621.991,2820.83,838.72,14.0983,27.7641,21.4495,27.8258,-17.7641,38.5505,2.1742
24.4672,487.255,504.442,711.369,2757.42,963.59,22.6468,31.1317,22.0703,26.8945,-21.1317,37.9297,3.10548
27.4637,585.491,571.637,790.365,2689.15,1076.18,33.5451,34.4823,22.8102,25.7847,-24.4823,37.1898,4.21535
30.2134,684.84,635.505,859.545,2617.29,1177.3,46.8561,37.8269,23.6792,24.4812,-27.8269,36.3208,5.51883
32.7355,784.403,696.453,919.453,2542.95,1267.68,62.6133,41.1725,24.6903,22.9645,-31.1725,35.3097,7.03551
35.0483,883.443,754.857,970.613,2467.04,1348.04,80.8362,44.5228,25.8603,21.2096,-34.5228,34.1397,8.7904
37.1694,981.386,811.086,1013.53,2390.31,1419.08,101.547,47.8781,27.2103,19.1846,-37.8781,32.7897,10.8154
39.1095,1077.48,865.326,1048.58,2313.62,1481.25,124.703,51.2228,28.7619,16.8571,-41.2228,31.2381,13.1429
40.8283,1168.24,916.186,1075.42,2240.04,1533.51,149.429,54.4329,30.4818,14.2773,-44.4329,29.5182,15.7227
42.3605,1253.97,964.297,1095.19,2169.64,1577.33,175.63,57.5021,32.3871,11.4194,-47.5021,27.6129,18.5806
43.7306,1334.73,1010.06,1108.74,2102.58,1613.78,203.175,60.4059,34.4921,8.26188,-50.4059,25.5079,21.7381
44.9598,1410.63,1053.84,1116.83,2038.97,1643.75,231.96,63.1107,36.8121,4.7818,-53.1107,23.1879,25.2182
46.0662,1481.82,1095.93,1120.08,1978.84,1668.04,261.91,65.572,39.3634,0.954843,-55.572,20.6366,29.0452
47.066,1548.47,1136.64,1119,1922.19,1687.32,292.982,67.7327,42.1627,-3.24402,-57.7327,17.8373,33.244
47.9734,1610.76,1176.25,1114.03,1868.98,1702.16,325.167,69.52,45.2263,-7.83943,-59.52,14.7737,37.8394
48.8009,1668.86,1215.01,1105.53,1819.15,1713.04,358.494,70.8416,48.569,-12.8535,-60.8416,11.431,42.8535
49.5597,1722.93,1253.21,1093.77,1772.67,1720.37,393.022,71.5808,52.2012,-18.3018,-61.5808,7.79883,48.3018
50.2597,1773.09,1291.09,1078.95,1729.51,1724.49,428.841,71.5924,56.124,-24.1861,-61.5924,3.87596,54.1861
50.9126,1819.6,1329.08,1061.14,1689.53,1725.68,466.24,70.692,60.3429,-30.5144,-60.692,-0.342912,60.5144
51.5274,1862.5,1367.53,1040.34,1652.77,1724.11,505.479,68.6457,64.8321,-37.2481,-58.6457,-4.83208,67.2481
52.107,1901.38,1406.44,1016.76,1619.69,1719.98,546.448,65.2123,69.4805,-44.2208,-55.2123,-9.48051,74.2208
52.6517,1935.63,1445.54,990.797,1590.89,1713.57,588.755,60.2175,74.0921,-51.1381,-50.2175,-14.0921,81.1381
53.1611,1964.71,1484.38,963.094,1566.9,1705.28,631.739,53.6438,78.4013,-57.602,-43.6438,-18.4013,87.602
53.637,1988.41,1522.6,934.322,1547.96,1695.62,674.787,45.6523,82.1432,-63.2149,-35.6523,-22.1432,93.2149
54.0854,2006.89,1560.13,904.935,1533.97,1685,717.627,36.5139,85.115,-67.6725,-26.5139,-25.115,97.6725
54.5154,2020.48,1597.2,875.122,1524.68,1673.72,760.34,26.5359,87.1846,-70.7768,-16.5359,-27.1846,100.777
54.937,2029.47,1634.22,844.885,1519.9,1662,803.225,16.0325,88.2728,-72.4092,-6.03247,-28.2728,102.409
55.3586,2033.97,1671.49,814.282,1519.61,1650.03,846.476,5.37263,88.3404,-72.5106,4.62737,-28.3404,102.511
55.7826,2034.04,1708.78,783.782,1523.78,1638.17,889.695,-4.93136,87.4193,-71.129,14.9314,-27.4193,101.129
56.2198,2029.73,1746.63,753.239,1532.47,1626.56,933.355,-14.623,85.5928,-68.3891,24.623,-25.5928,98.3891
56.6808,2020.89,1785.51,722.589,1545.92,1615.34,977.835,-23.4686,82.9628,-64.4442,33.4686,-22.9628,94.4442
57.1748,2007.3,1825.69,691.956,1564.45,1604.8,1023.29,-31.2465,79.6631,-59.4946,41.2465,-19.6631,89.4946
57.7079,1988.82,1867.16,661.744,1588.26,1595.32,1069.49,-37.7624,75.8743,-53.8115,47.7624,-15.8743,83.8115
58.2817,1965.6,1909.52,632.622,1617.22,1587.38,1115.83,-42.8997,71.8212,-47.7318,52.8997,-11.8212,77.7318
58.8942,1938.09,1952.24,605.294,1650.85,1581.41,1161.53,-46.6778,67.7268,-41.5902,56.6778,-7.7268,71.5902
59.5441,1906.85,1994.95,580.231,1688.59,1577.7,1206.09,-49.2446,63.7539,-35.6308,59.2446,-3.75387,65.6308
60.2347,1872.24,2037.64,557.617,1730.1,1576.44,1249.42,-50.806,59.9846,-29.9769,60.806,0.0154016,59.9769
60.9753,1834.29,2080.72,537.434,1775.46,1577.8,1291.83,-51.5587,56.434,-24.651,61.5587,3.56598,54.651
61.7734,1793.06,2124.41,519.796,1824.67,1582,1333.41,-51.6559,53.113,-19.6695,61.6559,6.887,49.6695
62.6376,1748.58,2168.94,504.854,1877.8,1589.32,1374.27,-51.2217,50.0187,-15.028,61.2217,9.98131,45.028
63.5776,1700.81,2214.56,492.811,1934.96,1600.09,1414.52,-50.3546,47.142,-10.713,60.3546,12.858,40.713
64.6036,1649.76,2261.52,483.93,1996.28,1614.69,1454.18,-49.1325,44.4713,-6.70688,59.1325,15.5287,36.7069
65.7271,1595.39,2310.06,478.541,2061.88,1633.57,1493.27,-47.6171,41.9936,-2.99047,57.6171,18.0064,32.9905
66.9607,1537.73,2360.4,477.038,2131.87,1657.24,1531.78,-45.8573,39.6964,0.455377,55.8573,20.3036,29.5446
68.3183,1476.82,2412.81,479.886,2206.37,1686.29,1569.66,-43.8917,37.5672,3.64926,53.8917,22.4328,26.3507
69.8152,1412.72,2467.52,487.628,2285.43,1721.39,1606.83,-41.7504,35.5941,6.60888,51.7504,24.4059,23.3911
71.4686,1345.6,2524.82,500.889,2369.09,1763.3,1643.17,-39.4566,33.7661,9.3508,49.4566,26.2339,20.6492
73.2981,1275.65,2585,520.389,2457.33,1812.89,1678.55,-37.0272,32.073,11.8905,47.0272,27.927,18.1095
75.3257,1203.19,2648.39,546.953,2550.06,1871.15,1712.82,-34.4736,30.5053,14.242,44.4736,29.4947,15.758
77.5431,1129.7,2714.4,580.986,2645.73,1938.19,1745.31,-31.8406,29.074,16.389,41.8406,30.926,13.611
79.9369,1056.71,2782.41,622.605,2742.66,2013.81,1775.5,-29.1681,27.7826,18.3262,39.1681,32.2174,11.6738
82.5215,984.863,2852.66,672.301,2840.35,2098.63,1803.34,-26.4566,26.615,20.0775,36.4566,33.385,9.92251
85.3098,914.969,2925.35,730.555,2938.13,2193.23,1828.74,-23.7054,25.5594,21.661,33.7054,34.4406,8.33903
88.3148,847.973,3000.69,797.859,3035.18,2298.2,1851.58,-20.9107,24.6058,23.0913,30.9107,35.3942,6.9087
91.5529,784.914,3078.93,874.782,3130.61,2414.25,1871.8,-18.0631,23.7458,24.3813,28.0631,36.2542,5.61874
95.0405,727.038,3160.35,961.897,3223.37,2542.07,1889.32,-15.1508,22.9732,25.5402,25.1508,37.0268,4.45982
98.7928,675.839,3245.22,1059.73,3312.09,2682.35,1904.05,-12.16,22.2841,26.5738,22.16,37.7159,3.42617
102.828,633.046,3333.87,1168.85,3395.23,2835.79,1915.97,-9.07109,21.6763,27.4855,19.0711,38.3237,2.5145
107.168,600.688,3426.76,1289.92,3470.99,3003.3,1925.11,-5.85557,21.1497,28.2755,15.8556,38.8503,1.72448
111.848,581.23,3524.66,1423.89,3537.25,3186.21,1931.55,-2.46993,20.7065,28.9403,12.4699,39.2935,1.0597
116.931,577.91,3628.97,1572.43,3591.4,3386.91,1935.51,1.15943,20.3533,29.4701,8.84057,39.6467,0.529891
122.564,595.754,3742.84,1739.57,3629.88,3610.99,1937.34,5.18223,20.1046,29.8432,4.81777,39.8954,0.15685
129.288,646.974,3877.54,1940.94,3645.9,3879.71,1937.69,10.0802,20.0001,29.9999,-0.0801782,39.9999,0.00012175
134.879,715.097,3989.53,2108.44,3633.69,4103.2,1937.93,14.3207,20.0841,29.8739,-4.32068,39.9159,0.126134
139.796,795.085,4088.77,2254.6,3602.87,4298.98,1939.28,18.2513,20.3075,29.5387,-8.25127,39.6925,0.46131
144.266,885.071,4180.27,2385.54,3557.59,4475.67,1942.43,22.0555,20.6598,29.0102,-12.0555,39.3402,0.989766
148.366,983.088,4265.9,2503.09,3500.57,4636.04,1947.88,25.805,21.1422,28.2867,-15.805,38.8578,1.71332
152.136,1087.31,4346.72,2608.07,3434.04,4781.43,1956,29.5398,21.762,27.357,-19.5398,38.238,2.64301
155.602,1196.09,4423.41,2700.98,3359.93,4912.68,1967.07,33.2857,22.5315,26.2027,-23.2857,37.4685,3.79731
158.784,1307.92,4496.53,2782.23,3279.92,5030.49,1981.28,37.0605,23.4681,24.7978,-27.0605,36.5319,5.20216
161.701,1421.5,4566.56,2852.21,3195.51,5135.49,1998.81,40.8764,24.5948,23.1078,-30.8764,35.4052,6.89222
164.371,1535.73,4633.96,2911.34,3107.98,5228.32,2019.8,44.7403,25.9422,21.0868,-34.7403,34.0578,8.91323
166.814,1649.72,4699.2,2960.03,3018.42,5309.63,2044.39,48.654,27.5508,18.6738,-38.654,32.4492,11.3262
168.999,1760.21,4761.38,2997.9,2929.79,5378.59,2072.08,52.5197,29.4271,15.8594,-42.5197,30.5729,14.1406
170.919,1864.52,4819.82,3025.4,2844.67,5435.31,2102.17,56.2334,31.5646,12.6532,-46.2334,28.4354,17.3468
172.613,1962.77,4875.28,3043.88,2763.36,5481.52,2134.52,59.7646,33.9973,9.00405,-49.7646,26.0027,20.996
174.114,2054.89,4928.27,3054.4,2686.25,5518.54,2169,63.0529,36.758,4.86295,-53.0529,23.242,25.137
175.446,2140.9,4979.26,3057.89,2613.57,5547.52,2205.5,66.0134,39.8827,0.175944,-56.0134,20.1173,29.8241
176.635,2220.91,5028.7,3055.07,2545.44,5569.42,2243.99,68.5296,43.4096,-5.11433,-58.5296,16.5904,35.1143
177.702,2295.06,5077.03,3046.56,2481.96,5585.08,2284.49,70.4425,47.3768,-11.0652,-60.4425,12.6232,41.0652
178.665,2363.5,5124.72,3032.81,2423.15,5595.17,2327.14,71.536,51.8174,-17.726,-61.536,8.18264,47.726
179.542,2426.29,5172.24,3014.13,2369.12,5600.25,2372.12,71.5195,56.7467,-25.1201,-61.5195,3.25329,55.1201
180.346,2483.36,5220.01,2990.75,2320.11,5600.76,2419.63,70.0141,62.1359,-33.2039,-60.0141,-2.13594,63.2039
181.089,2534.26,5268.27,2962.95,2276.63,5597.09,2469.73,66.5759,67.8576,-41.7864,-56.5759,-7.85763,71.7864
181.775,2578.13,5316.78,2931.35,2239.63,5589.74,2521.91,60.8242,73.6118,-50.4177,-50.8242,-13.6118,80.4177
182.405,2613.99,5364.78,2897.1,2210.06,5579.49,2575.03,52.681,78.9245,-58.3867,-42.681,-18.9245,88.3867
182.982,2641.58,5411.64,2861.44,2188.24,5567.26,2628.01,42.4628,83.3156,-64.9734,-32.4628,-23.3156,94.9734
183.521,2661.39,5457.47,2825.06,2173.82,5553.79,2680.57,30.6968,86.4535,-69.6803,-20.6968,-26.4535,99.6803
184.041,2674.07,5502.89,2788.1,2166.34,5539.54,2733.12,17.9612,88.1507,-72.2261,-7.9612,-28.1507,102.226
184.56,2679.98,5548.8,2750.41,2165.62,5524.81,2786.39,4.83129,88.3166,-72.4749,5.16871,-28.3166,102.475
185.08,2679.2,5594.44,2713.14,2171.6,5510.36,2839.26,-7.64987,87.0064,-70.5096,17.6499,-27.0064,100.51
185.621,2671.88,5640.87,2675.97,2184.33,5496.4,2892.67,-19.066,84.4005,-66.6007,29.066,-24.4005,96.6007
186.204,2657.74,5689.01,2638.73,2204.3,5483.23,2947.39,-29.0614,80.7029,-61.0544,39.0614,-20.7029,91.0544
186.844,2636.37,5739.21,2601.81,2232.07,5471.42,3003.5,-37.2937,76.1887,-54.283,47.2937,-16.1887,84.283
187.547,2607.79,5791.05,2566.26,2267.68,5461.79,3060.15,-43.5245,71.2303,-46.8455,53.5245,-11.2303,76.8455
188.312,2572.75,5843.57,2533.36,2310.37,5455.15,3115.99,-47.7661,66.2249,-39.3373,57.7661,-6.2249,69.3373
189.137,2532.19,5896.17,2503.94,2359.18,5452.03,3170.16,-50.2966,61.4456,-32.1684,60.2966,-1.44561,62.1684
190.028,2486.72,5948.93,2478.31,2413.57,5452.77,3222.54,-51.4829,57.0077,-25.5116,61.4829,2.99226,55.5116
190.999,2436.58,6002.24,2456.59,2473.41,5457.71,3273.39,-51.6448,52.9357,-19.4036,61.6448,7.06427,49.4036
192.064,2381.85,6056.58,2438.99,2538.79,5467.28,3322.94,-51.0259,49.2181,-13.8271,61.0259,10.7819,43.8271
193.24,2322.54,6112.39,2425.82,2609.86,5482.01,3371.38,-49.8063,45.8312,-8.74687,59.8063,14.1688,38.7469
194.544,2258.65,6170.09,2417.52,2686.8,5502.57,3418.81,-48.1193,42.7486,-4.12284,58.1193,17.2514,34.1228
195.997,2190.21,6230.1,2414.69,2769.76,5529.74,3465.23,-46.0639,39.9436,0.0845684,56.0639,20.0564,29.9154
197.621,2117.32,6292.82,2418.05,2858.89,5564.45,3510.59,-43.714,37.3915,3.91268,53.714,22.6085,26.0873
199.44,2040.17,6358.65,2428.44,2954.24,5607.77,3554.77,-41.1242,35.0694,7.39586,51.1242,24.9306,22.6041
201.483,1959.05,6428.05,2446.9,3055.78,5660.92,3597.58,-38.334,32.9565,10.5653,48.334,27.0435,19.4347
203.781,1874.41,6501.48,2474.61,3163.4,5725.35,3638.81,-35.3703,31.0339,13.4491,45.3703,28.9661,16.5509
206.351,1787.52,6578.94,2512.65,3275.99,5802.12,3677.88,-32.2713,29.2968,16.0549,42.2713,30.7032,13.9451
209.155,1701.5,6658.86,2561,3390.05,5890.43,3713.65,-29.127,27.764,18.354,39.127,32.236,11.646
212.215,1617.31,6741.67,2620.38,3504.84,5991.22,3746.06,-25.9374,26.4064,20.3904,35.9374,33.5936,9.60961
215.549,1536.27,6827.65,2691.49,3619.22,6105.31,3774.99,-22.7014,25.2038,22.1944,32.7014,34.7962,7.80565
219.177,1459.96,6917.08,2774.99,3731.81,6233.53,3800.31,-19.4124,24.14,23.79,29.4124,35.86,6.21005
223.116,1390.16,7010.26,2871.57,3841,6376.7,3821.91,-16.0579,23.2029,25.1956,26.0579,36.7971,4.80436
227.387,1328.99,7107.54,2981.89,3944.88,6535.66,3839.71,-12.6192,22.3834,26.4248,22.6192,37.6166,3.57516
232.012,1278.9,7209.36,3106.66,4041.22,6711.34,3853.69,-9.06837,21.676,27.4861,19.0684,38.324,2.51395
237.021,1242.79,7316.39,3246.7,4127.42,6904.9,3863.94,-5.36432,21.0785,28.3822,15.3643,38.9215,1.61775
242.465,1224.3,7429.73,3403.27,4200.34,7118.14,3870.66,-1.44176,20.5939,29.1091,11.4418,39.4061,0.890879
248.437,1228.41,7551.58,3578.88,4255.96,7354.67,3874.24,2.81631,20.233,29.6505,7.18369,39.767,0.34949
255.202,1263.86,7687.61,3780.68,4288.16,7624.49,3875.37,7.68039,20.0244,29.9634,2.31961,39.9756,0.0365837
262.405,1338.35,7831.77,3996.67,4285.71,7912.56,3875.49,13.0444,20.0419,29.9372,-3.04438,39.9581,0.0628382
268.212,1427.24,7948.68,4169.68,4254.88,8144.03,3876.67,17.6238,20.2625,29.6062,-7.62378,39.7375,0.393787
273.357,1528.97,8053.84,4320.64,4204.6,8347.56,3880.06,21.9757,20.6512,29.0232,-11.9757,39.3488,0.976812
277.993,1640.58,8150.79,4453.41,4139.35,8528.8,3886.39,26.2308,21.2059,28.1912,-16.2308,38.7941,1.80881
282.192,1759.43,8241.26,4569.6,4062.49,8690.23,3896.15,30.4532,21.9358,27.0963,-20.4532,38.0642,2.9037
285.996,1883.19,8326.38,4670.19,3976.77,8833.38,3909.69,34.6819,22.8586,25.7122,-24.6819,37.1414,4.28783
289.441,2009.85,8406.98,4755.96,3884.55,8959.45,3927.26,38.9422,24.0001,23.9999,-28.9422,35.9999,6.00013
292.556,2137.75,8483.81,4827.62,3787.81,9069.53,3949.05,43.2504,25.3965,21.9053,-33.2504,34.6035,8.09469
295.371,2265.56,8557.6,4885.89,3688.16,9164.69,3975.25,47.6147,27.0975,19.3537,-37.6147,32.9025,10.6463
297.868,2389.72,8627.65,4930.59,3588.96,9244.41,4005.44,51.9414,29.126,16.311,-41.9414,30.874,13.689
300.023,2506.08,8692.84,4962.15,3494.15,9308.57,4038.56,56.0774,31.4672,12.7992,-46.0774,28.5328,17.2008
301.9,2614.92,8754.3,4982.54,3404.07,9359.69,4074.45,59.9888,34.1685,8.74729,-49.9888,25.8315,21.2527
303.539,2716.19,8812.73,4993.23,3319.2,9399.59,4112.94,63.5939,37.2743,4.08853,-53.5939,22.7257,25.9115
304.977,2809.96,8868.79,4995.44,3239.81,9429.83,4153.88,66.7733,40.8343,-1.25151,-56.7733,19.1657,31.2515
306.247,2896.41,8923.11,4990.14,3166.06,9451.69,4197.26,69.3572,44.9014,-7.35211,-59.3572,15.0986,37.3521
307.375,2975.75,8976.29,4978.08,3098,9466.23,4243.18,71.1054,49.5269,-14.2904,-61.1054,10.4731,44.2904
308.388,3048.16,9029,4959.79,3035.72,9474.29,4291.86,71.6806,54.7491,-22.1236,-61.6806,5.25093,52.1236
309.306,3113.65,9081.86,4935.59,2979.41,9476.52,4343.6,70.6185,60.5626,-30.8439,-60.6185,-0.562613,60.8439
310.146,3171.8,9135.32,4905.81,2929.67,9473.47,4398.58,67.3314,66.8496,-40.2744,-57.3314,-6.84961,70.2744
310.916,3221.52,9189.22,4871.15,2887.64,9465.76,4456.34,61.2549,73.2598,-49.8897,-51.2549,-13.2598,79.8897
311.616,3261.46,9242.6,4833.09,2854.7,9454.39,4515.4,52.2197,79.1672,-58.7508,-42.2197,-19.1672,88.7508
312.253,3291.21,9294.59,4793.32,2831.33,9440.62,4574.29,40.6457,83.9158,-65.8737,-30.6457,-23.9158,95.8737
312.848,3311.48,9345.46,4752.66,2816.99,9425.39,4632.77,27.2582,87.0706,-70.6059,-17.2582,-27.0706,100.606
313.424,3323.08,9396.15,4711.23,2811.16,9409.31,4691.5,12.8554,88.4003,-72.6005,-2.85536,-28.4003,102.6
314.001,3326.32,9447.05,4669.48,2813.69,9393,4750.55,-1.51973,87.8351,-71.7526,11.5197,-27.8351,101.753
314.589,3321.43,9498.09,4628.19,2824.45,9377.24,4809.47,-14.7672,85.558,-68.337,24.7672,-25.558,98.337
315.216,3308.37,9550.65,4586.99,2843.79,9362.32,4869.49,-26.3981,81.8459,-62.7688,36.3981,-21.8459,92.7688
315.908,3286.62,9605.6,4546.05,2872.46,9348.85,4931.18,-35.9716,77.0359,-55.5538,45.9716,-17.0359,85.5538
316.677,3256,9662.73,4506.49,2910.77,9337.86,4993.8,-43.1428,71.5948,-47.3922,53.1428,-11.5948,77.3922
317.521,3217.39,9720.78,4470.06,2957.81,9330.45,5055.56,-47.8758,66.0615,-39.0923,57.8758,-6.06154,69.0923
318.437,3172.17,9778.83,4437.95,3012.2,9327.36,5115.15,-50.5302,60.8178,-31.2267,60.5302,-0.817793,61.2267
319.433,3121.14,9836.99,4410.53,3073.19,9329.02,5172.48,-51.6038,56.0082,-24.0122,61.6038,3.99184,54.0122
320.528,3064.63,9895.82,4387.94,3140.65,9335.85,5227.89,-51.514,51.6492,-17.4738,61.514,8.35082,47.4738
321.74,3002.69,9955.96,4370.46,3214.71,9348.44,5281.74,-50.5638,47.7152,-11.5728,60.5638,12.2848,41.5728
323.093,2935.33,10018,4358.53,3295.59,9367.54,5334.24,-48.9682,44.1699,-6.25484,58.9682,15.8301,36.2548
324.61,2862.59,10082.5,4352.81,3383.51,9394.08,5385.49,-46.8813,40.976,-1.464,56.8813,19.024,31.464
326.319,2784.56,10150,4354.14,3478.63,9429.14,5435.44,-44.414,38.0985,2.85221,54.414,21.9015,27.1478
328.251,2701.45,10221,4363.55,3581.06,9474.05,5483.98,-41.6463,35.5056,6.74163,51.6463,24.4944,23.2584
330.44,2613.62,10296.1,4382.29,3690.78,9530.32,5530.91,-38.6346,33.1686,10.2471,48.6346,26.8314,19.7529
332.926,2521.63,10375.8,4411.84,3807.63,9599.74,5575.93,-35.4168,31.0621,13.4068,45.4168,28.9379,16.5932
335.731,2427.08,10460.2,4453.56,3930.23,9683.65,5618.36,-32.0425,29.1781,16.2328,42.0425,30.8219,13.7672
338.811,2333.71,10547.4,4507.51,4054.4,9781.23,5656.83,-28.6175,27.5347,18.6979,38.6175,32.4653,11.3021
342.196,2242.8,10638.1,4574.59,4179.16,9893.66,5691.3,-25.1411,26.0952,20.8572,35.1411,33.9048,9.14284
345.908,2156.11,10732.6,4655.65,4302.97,10021.9,5721.59,-21.6111,24.8345,22.7483,31.6111,35.1655,7.25172
349.97,2075.73,10831.1,4751.52,4423.97,10167.1,5747.56,-18.0172,23.7331,24.4003,28.0172,36.2669,5.5997
354.403,2004.07,10934.1,4863.01,4539.96,10330.1,5769.09,-14.3411,22.7768,25.8347,24.3411,37.2232,4.16525
359.234,1944.02,11042.1,4990.92,4648.33,10512,5786.11,-10.555,21.9558,27.0662,20.555,38.0442,2.93376
364.493,1898.93,11155.7,5136.11,4746,10713.9,5798.69,-6.61667,21.2652,28.1023,16.6167,38.7348,1.89774
370.226,1872.96,11275.9,5299.75,4829.3,10937.7,5807.04,-2.45984,20.7056,28.9415,12.4598,39.2944,1.05847
376.52,1871.63,11404.8,5484.04,4893.57,11186.4,5811.57,2.03136,20.2871,29.5694,7.96864,39.7129,0.430637
383.601,1903.94,11547.4,5694.93,4932.07,11468.6,5813.09,7.1098,20.038,29.943,2.8902,39.962,0.0569821
391.739,1986.18,11710.3,5938.9,4931.2,11794,5813.27,13.1583,20.0453,29.932,-3.15834,39.9547,0.0679618
397.992,2083.77,11836.3,6125.08,4896.15,12043.2,5814.69,18.1113,20.2975,29.5537,-8.11131,39.7025,0.446314
403.474,2195.74,11948.7,6285.42,4839,12259.8,5818.81,22.8026,20.7455,28.8818,-12.8026,39.2545,1.11824
408.368,2318.37,12051.7,6424.57,4765.31,12450.4,5826.47,27.3868,21.3877,27.9184,-17.3868,38.6123,2.08162
412.759,2448.44,12147.3,6544.53,4679.15,12618.2,5838.24,31.9391,22.2377,26.6435,-21.9391,37.7623,3.3565
416.701,2583.18,12237,6646.55,4583.83,12765.1,5854.49,36.5041,23.3198,25.0203,-26.5041,36.6802,4.9797
420.238,2720.27,12321.8,6731.65,4482.11,12892.5,5875.49,41.1103,24.6707,22.994,-31.1103,35.3293,7.00601
423.409,2857.88,12402.5,6800.8,4376.21,13002.1,5901.47,45.7747,26.3423,20.4865,-35.7747,33.6577,9.51349
426.237,2993.83,12479.7,6854.61,4268.54,13094.5,5932.5,50.4737,28.3953,17.407,-40.4737,31.6047,12.593
428.645,3120.68,12550.9,6892.43,4165.77,13167.9,5966.93,54.9572,30.7881,13.8178,-44.9572,29.2119,16.1822
430.718,3238.93,12617.4,6916.95,4068.25,13225.7,6004.59,59.2006,33.5777,9.6335,-49.2006,26.4223,20.3665
432.51,3348.52,12680.4,6930.07,3976.58,13270.3,6045.24,63.116,36.8179,4.77319,-53.116,23.1821,25.2268
434.068,3449.54,12740.5,6933.33,3891.14,13303.6,6088.71,66.5669,40.5686,-0.852866,-56.5669,19.4314,30.8529
435.431,3542.2,12798.6,6927.95,3812.11,13327.2,6134.98,69.3533,44.8945,-7.34182,-59.3533,15.1055,37.3418
436.633,3626.77,12855.4,6914.83,3739.56,13342.5,6184.16,71.1851,49.8596,-14.7894,-61.1851,10.1404,44.7894
437.705,3703.46,12911.8,6894.61,3673.59,13350.5,6236.53,71.6438,55.5103,-23.2655,-61.6438,4.48968,53.2655
438.672,3772.24,12968.4,6867.67,3614.48,13351.9,6292.5,70.1416,61.8318,-32.7478,-60.1416,-1.83184,62.7478
439.554,3832.45,13025.9,6834.41,3563.08,13347.3,6352.19,65.9406,68.6413,-42.9619,-55.9406,-8.64129,72.9619
440.355,3882.59,13083.6,6795.92,3520.97,13337.7,6414.74,58.4206,75.4198,-53.1297,-48.4206,-15.4198,83.1297
441.078,3921.16,13140.3,6754.24,3489.62,13324.4,6478.1,47.6065,81.3432,-62.0148,-37.6065,-21.3432,92.0148
441.737,3948.29,13195.4,6711.09,3469.08,13308.8,6541.02,34.2024,85.6935,-68.5403,-24.2024,-25.6935,98.5403
442.361,3965.03,13249.7,6667.06,3458.59,13291.9,6603.77,19.1621,88.0576,-72.0864,-9.16212,-28.0576,102.086
442.984,3972.06,13304.8,6621.87,3457.79,13274.3,6667.66,3.43682,88.243,-72.3644,6.56318,-28.243,102.364
443.608,3969.54,13359.3,6577.51,3466.54,13257.2,6730.72,-11.2054,86.352,-69.528,21.2054,-26.352,99.528
444.265,3957.76,13415,6533.47,3484.89,13241,6794.49,-24.1026,82.733,-64.0996,34.1026,-22.733,94.0996
444.99,3936.22,13473.2,6489.66,3513.68,13226.2,6860.04,-34.7409,77.7769,-56.6653,44.7409,-17.7769,86.6653
445.802,3904.53,13534,6447.18,3553.49,13214.2,6926.88,-42.6892,72.0151,-48.0226,52.6892,-12.0151,78.0226
446.7,3863.62,13596,6408.09,3603.38,13206.1,6992.92,-47.8504,66.1001,-39.1501,57.8504,-6.10009,69.1501
447.68,3815.19,13657.9,6373.96,3661.61,13202.9,7056.45,-50.6346,60.5163,-30.7744,60.6346,-0.516276,60.7744
448.751,3760.29,13719.9,6345.22,3727.22,13205.2,7117.31,-51.6492,55.4377,-23.1566,61.6492,4.56226,53.1566
449.933,3699.27,13782.6,6322.03,3800.07,13213.4,7175.97,-51.3929,50.8743,-16.3114,61.3929,9.12575,46.3114
451.252,3632.18,13847,6304.71,3880.34,13228.2,7232.87,-50.2163,46.7883,-10.1824,60.2163,13.2117,40.1824
452.735,3559.05,13913.5,6293.83,3968.3,13250.6,7288.23,-48.3613,43.1333,-4.69991,58.3613,16.8667,34.6999
454.412,3479.92,13983,6290.22,4064.2,13281.7,7342.14,-45.9974,39.8638,0.204326,55.9974,20.1362,29.7957
456.316,3394.96,14056,6294.96,4168.2,13323,7394.53,-43.2439,36.9382,4.59263,53.2439,23.0618,25.4074
458.485,3304.49,14133.2,6309.35,4280.36,13375.9,7445.21,-40.1845,34.3196,8.52067,50.1845,25.6804,21.4793
460.964,3209.05,14215.2,6335,4400.59,13442.6,7493.91,-36.8759,31.9749,12.0376,46.8759,28.0251,17.9624
463.801,3109.47,14302.8,6373.82,4528.55,13525.2,7540.23,-33.3533,29.8757,15.1864,43.3533,30.1243,14.8136
466.954,3010.08,14394,6426.18,4659.46,13623.2,7582.44,-29.7474,28.0504,17.9243,39.7474,31.9496,12.0757
470.437,2912.94,14488.9,6492.92,4791.44,13737.4,7620.19,-26.0853,26.4658,20.3013,36.0853,33.5342,9.6987
474.278,2819.98,14587.8,6575.02,4922.8,13868.9,7653.32,-22.3658,25.0886,22.3671,32.3658,34.9114,7.6329
478.503,2733.58,14691.2,6673.46,5051.45,14019,7681.64,-18.579,23.8943,24.1586,28.579,36.1057,5.84142
480,2706.73,14726.6,6710.03,5093.27,14073.4,7689.97,-17.3,23.5338,24.6993,27.3,36.4662,5.30074
